Nombre,Precio
U Bárbara Pijama Quirúrgica Corte Recto Con Bolsas Uniforme,899
Playera Polo Para Hombre American Eagle Últimas Piezas,799
Sandalias Corcho Chanclas Mujer Hombre Piel Broche Ajustable,399
Tenis New Balance 530 Varios Modelos,"4,200"
Tenis adidas Urban adidas Court Casual If9789 Hombre,999
Tenis Para Correr Hombre Nike Revolution 8 Negro Hj9198-003,"1,699"
On Running Cloudmonster Model,"1,987"
"Mochila De Repartidor Termica, Mochila Delivery De Comida Y Pizza, Expandible Y Impermeable, Ytonet 6173 Color Negro Liso","1,136"
3 Piezas Playeras Caballero Camisa Casual Manga Corta Moda,392
Tenis adidas Senderismo De Terrex Anylander Mid Jq9959 Marrón Lisa 27 Mx,"1,899"
Zapato De Seguridad Tenis Botas Industrial Para Hombre,"1,063"
U Bárbara Pijama Quirúrgica Para Hombre Corte Recto Uniforme,899
On Cloudtilt Negro Running,"2,199"
Maleta Mano Viaje Rigida 18pulgada Ruedas 360° Maleta Ligera,898
Zapato Hombre Tenis Casal Plataforma Moda Transpirable Sport,567
Tenis Bota Puma Boulder Wtr Unisex Urbano 30997605,"3,478"
U Bárbara Pijama Quirúrgica Para Hombre Jogger Uniforme,899
U Bárbara Pijama Quirúrgica Corte Recto Uniforme Con Bolsas,899
Tenis Para Hombre Nike Court Vision Low Next Nature,"1,799"
New Balance Cafe Chocolate,"2,199"
Bocina Kaiser 15  Pulgadas Con Tripié Y Micrófono Incluido Bafle Bluetooth Recargable Para Fiestas De Alta Potencia Kse-1015mx Negro,"2,199"
Smart Tv Motorola Mot43fle11 43  Full Hd Led,"7,199"
Jbl Partybox Encore Essential 2 Party Speaker Black,"4,879"
Smart Tv Motorola Pantalla 58 Pulgadas Google Tv Qled 4k,"14,598"
Pantalla Smart Tv Aiwa Roku 50 Pulgadas Qled 4k Ultra Hd,"8,499"
Roku 3840 Streaming Stick Control De Voz Tienda Oficial Negro Estándar,609
Pantalla Smart Tv Aiwa Roku 43'' Led Full Hd (1080p),"4,899"
Jbl Partybox Club 120 Jbl Bocina Portátil Con Bluetooth Negro,"6,299"
"Smart Tv Acer 50  Pulgadas Pantalla 4k Qled Google Tv Con Dolby Audio, Asistente De Google, Televisión, Bluetooth, Hdmi, Wi-fi, Hdr, Control Por Voz Y Soporte De Pared Incluido","12,398"
Pantalla Samsung 65 U7900 4k Uhd Smart Tizen Modelo 2025,"30,000"
Smart Tv Pantalla 32 Pulgadas Weyon Hd Led Android Tv 32wdsnmx,"3,746"
Smart Tv Motorola Mot32hle11 32  Hd Dled Color Negro,"4,199"
Pantalla Smart Tv Hikers 43 Pulgadas Vidaa-fhd Dolby,"4,213"
Smart Tv Motorola Pantalla 50 Pulgadas Google Tv Qled 4k,"8,999"
Bocina Portatil Bluetooth Aiwa Boombox Ipx6 Con Tws 130w Aw-h51bt Negro,"4,499"
Bocina Portátil Kaiser Bluetooth Bafle 3 Pulgadas Potente Luces Flama Audiorítmicas Para Exteriores Bajos Profundos Para Fiestas Ksw-7003 Color Negro,399
Parlante Zealot S78 Bluetooth Portatil 120w Ip67 5.2 Color Negro,"3,191"
"Bocina Soundcore Boom 2 Plus Portátil Bluetooth, Inalámbrico, Bajos Potentes De 140w, Tecnología Bassup, 20 Horas De Reproducción, Impermeable Ipx7, Flotante, Partycast 2.0, Carga Rápida, Color Negro","4,299"
Bocina Kaiser Msa-7515mx Portátil Con Bluetooth Color Negro,"2,697"
"Bocina 8  Pulgadas Bafle Recargable Msa-7908mx 8hrs 15,000w Pmpo/25w Rms Ksr-link Con Luces Led Control Remoto Y Micrófono Alámbrico De Regalo Color Negro","1,000"
Celular Motorola Edge 60 Neo 12+256 Grisaille,"8,499"
Celular Cubot Kingkong Es 3 Robusto Dual Sim 256 Gb Negro 6 Gb Ram 10200mah Android 15,"4,333"
Celular Samsung Galaxy A16 128 Gb 4 Gb De Ram 6.7  Gris,"4,949"
Celular Xiaomi Pocophone Poco M6 Negro De 8 Gb De Ram 256 Gb De Rom,"3,333"
Celular Motorola Moto G56 8gb Ram Gris 256gb Memoria,"5,999"
Xiaomi Pocophone Xiaomi Poco C85 Dual Sim 256 Gb 8 Gb Color Verde,"3,499"
Moto E15 Dual Sim 64 Gb Azul Acero 2 Gb Ram,"1,998"
Oppo Reno14 F Azul 5g 256gb + 12gb + Enco Buds3 De Regalo,"9,999"
Celular Motorola Edge 60 Neo 12+256 Frosbite,"8,499"
Motorola Edge 60 Fusion/edge 60s 5g 256 Gb 12 Gb Ram Negro,"6,742"
"Xiaomi Redmi Note 14 4g 6,67 256gb 8gb Ram Cámara 108mpx - Color Negro","4,899"
Teléfono Celular Samsung Galaxy A16 128 Gb 4 Gb De Ram Cámara De 50 Mp Pantalla 6.7 Nfc Negro,"4,949"
Reloj Inteligente Redmi Watch 5 Active Hyperos Bateria 18 Días Negro Plateado,890
Cubot King Kong Kingkong 8 Dual Sim 256 Gb Rojo 6 Gb(+6gb) Ram,"4,570"
Oppo Reno14 F 5g 256gb + 12gb + Enco Buds3 De Regalo Verde,"9,999"
Celular Motorola Moto S50 Neo / G85 5g 256 Gb 12 Gb Ram Color Gris,"4,123"
"Infinix Gt 30 Pro 5g, Dual Sim, 256gb Gris Oscuro 12+12gb Ram Con Gaming Kit Gratis","8,932"
"Celular Invens Ultra 13p 6.79 Inch Dual Sim, 16gb (4gb+12gb) Ram 128gb Rom, 5000 Mah, Cámara De 16+64 Mp Rojo","3,546"
Samsung Galaxy A56 5g 256 Gb 8 Gb Ram Rosa,"9,999"
Power Bank 35000mah Batería Portátil Pila 66w Carga Rápida,899
Parlante Bluetooth Jbl Flip 7 Resistente Al Agua Y Polvo Ip6 Color Negro,"1,999"
Multifuncional Canon Inalámbrica G3110 Color Negro,"4,199"
Tablet Samsung Galaxy Tab A11 8.7 4gb 64gb Android 15 Gris Oscuro,"4,999"
Tablet Samsung Galaxy Tab S9 Gris 256gb,"17,999"
Laptop Hp 14-dq0518la Celeron N4120 Ram 4gb Ssd 128gb W11h Color Plateado,"4,299"
Samsung Galaxy Tab A11+ Gris 128gb 6gb Ram Tablet Gris,"4,999"
Notebook Hp 14-dq6015dx 14 Hd 128gb /4gb Ram Intel N150 W11 - Pale Rose Gold Rosa,"4,599"
Bocina Jbl Charge 5 Jblcharge5 Portátil Con Bluetooth Waterproof Black,"2,499"
"Regulador De Voltaje 8 Contactos Koblenz Rs-1410, Para Hogar Y Oficina, 1410va / 700w, Luz Led, 120 V, Color Negro",375
Lenovo Xiaoxin Pad 11 Wifi 8 Gb 128 Gb Tb335fc 2025 Luna Grey Global Rom Gris,"3,828"
iPad 11 Wi-fi 128gb Rosado,"7,974"
Silla Gamer Vidita Gx2000 Vidita Vidita Ergonómica Negra Con Tapizado De Poliuretano Negro,"2,999"
Bocina Jbl Flip 7 Bocina Portátil Bluetooth A Prueba De Agua - Sonido Jbl Pro Azul,"1,859"
Bocina Bluetooth Harman Kardon Onyx Studio 9 Negro,"5,299"
Laptop Games Amd Ryzen 5 7430u 16gb Ram 512gb Ssd 15.6'' Fhd Gris,"20,973"
Arzopa Z1fc Az16144 Monitor Gamer 16.1  144hz Full Hd Color Negro,"2,239"
"Monitor Gamer 27 Pulgadas LG Ultragear Pantalla Full Hd Ips Overclock De 144 Hz, Compatible Con Nvidia G-sync 99%, Tiempo De Respuesta 1ms Negro","3,999"
Wanbo Proyector X5 Pro New 1080p Nativa 1100 Ansi Lumens Smarter Google Tv Os Hdr10 Support Negro,"7,865"
Laptop Hp Stream 14-dq0762dx Rosa 128gb Ssd Intel Celeron Incluye Windows Color Pink,"4,999"
Proyector Profesional 4k Hd Android Wifi Led 1080p 18000 Lm,"1,317"
Proteina Iso 100 5 Libras Gourmet Chocolate,"2,497"
Caminadora Electrica 2hp Walkign Pad Portatil 10km/h Bluetooth App Pantalla Digital Caminadora Plegable Control Remoto Cinta De Correr,"4,199"
"Beyond Vitamins | Magnesio Complex |citrato De Magnesio Polvo, Glicinato De Magnesio, Gluconato De Magnesio Y Óxido De Magnesio | Vitaminas Mujer / Hombre - Magnesium - 180 Cápsulas Sin Sabor",499
Tenis New Balance 530 Varios Modelos,"4,200"
Tenis adidas Urban adidas Court Casual If9789 Hombre,999
Tenis Para Correr Hombre Nike Revolution 8 Negro Hj9198-003,"1,699"
"Beyond Vitamins | Magnesio Complex | Citrato De Magnesio Polvo, Glicinato De Magnesio, Gluconato De Magnesio Y Óxido De Magnesio | Vitaminas Mujer / Hombre - Magnesium - 60 Cápsulas Sin Sabor",399
On Running Cloudmonster Model,"1,987"
Bicicleta Fija Spinning 13 Kg Soporta 180 Kg Pantalla Lcd Ajuste De 5 Niveles En Asiento Y Manubrio Pedales Con Correas Bici Estatica Ideal Para Rutina De Cardio En El Hogar Gym Gimnasio Negro/gris,"6,079"
Banco Predicador 500 Kg Profesional Ajustable 14 Posiciones Banco Para Bíceps Y Press Pierna Con Soporte Para Barra Estructura De Acero Reforzado Uso Rudo Gimnasio Y Casa Negro,"6,999"
Caminadora Electrica Plegable 2 En 1 Pantalla Lcd Lumo Sport Color Negro/naranja,"5,246"
"Peptidos Bioactivos De Colageno Hidrolizado Quotidien Con Ácido Hialurónico, Vitamina E, Biotina Y Vitamina C - Colageno Puro Para Piel Y Uñas - Multi Collagen Peptides - 50 Porciones Sin Sabor","1,119"
Caminadora Electrica Plegable Profesional Premium 2.5hp Conexion Bluetooth App Mp3 Bocinas Integradas 3 Niveles De Inclinacion Velocidad De 1 A 12.8 Km/h Soporta 110 Kg 12 Programas 1838 W Negro,"8,999"
Mvpcare Dosis Máxima 30.000 Mg Shilajit Gummies Puro Del Himalaya 85 Micronutrientes Apto Para Hombres Y Mujeres 100% Natural Orgánico 60 Gommies Sin Sabor,997
Banco Gym Multiposiciones Ajustable Romano Y Plegable Bywell Negro,"1,809"
Bicicleta Electrica Negra Kiwo Gy801,"5,999"
Caminadora Electrica Altera Walking Pad Portatil Elevacion Negro,"6,249"
"Bicicleta Estática Spinning Pro Neon Rueda De 8 Kg, Pantalla Lcd Para Velocidad, Tiempo, Calorías Y Más, Asiento Y Manubrio Ajustables, Soporta Hasta 120 Kg, Ejercicio Cardio Fitness Gym En Casa","3,499"
Tenis adidas Senderismo De Terrex Anylander Mid Jq9959 Marrón Lisa 27 Mx,"1,899"
Scooter Eléctrico Wq W4 Plegable 600w 25km/h Bluetooth Led Negro,"6,839"
